<coach>
  <nom>Camille Dubois</nom>
  <specialite>Cardio-Training</specialite>
  <email>camille.dubois@omnes.com</email>
  <formations>
    <formation>DU Préparation Physique - UPEC</formation>
    <formation>Certification HIIT & Functional Training</formation>
  </formations>
  <experiences>
    <experience>Coach cardio - Keep Cool (2019-2024)</experience>
    <experience>Formatrice en circuit training - FormAction</experience>
  </experiences>
  <langues>
    <langue>Français</langue>
    <langue>Anglais</langue>
  </langues>
</coach>
