<?xml version="1.0" encoding="UTF-8"?>
<coach>
  <nom>Hugo Fontaine</nom>
  <specialite>Natation</specialite>
  <email>hugo.fontaine@omnes.com</email>
  <formations>
    <formation>Master Entraînement Sportif - UFR STAPS Montpellier</formation>
    <formation>Brevet Fédéral Natation niveau 3</formation>
  </formations>
  <experiences>
    <experience>Coach équipe junior - CN Marseille (2019-2024)</experience>
    <experience>Responsable des stages d’été - FFN</experience>
  </experiences>
  <langues>
    <langue>Français</langue>
    <langue>Anglais</langue>
  </langues>
</coach>
