<coach>
  <nom>Julien Lefevre</nom>
  <specialite>Cours Collectifs</specialite>
  <email>julien.lefevre@omnes.com</email>
  <formations>
    <formation>Licence APAS (Activité Physique Adaptée et Santé)</formation>
    <formation>Formation BodyPump - LesMills</formation>
  </formations>
  <experiences>
    <experience>Animateur cours collectifs - CMG Sports Club</experience>
    <experience>Intervenant en entreprise - Bien-être au travail</experience>
  </experiences>
  <langues>
    <langue>Français</langue>
    <langue>Allemand</langue>
  </langues>
</coach>
