<coach>
  <nom>Luc Morel</nom>
  <specialite>Musculation</specialite>
  <email>luc.morel@omnes.com</email>
  <formations>
    <formation>Licence STAPS - Université de Lyon</formation>
    <formation>Brevet d'État d'Éducateur Sportif 2ème degré</formation>
  </formations>
  <experiences>
    <experience>Coach personnel - FitnessPark Lyon (2017-2023)</experience>
    <experience>Préparateur physique - Club de rugby local</experience>
  </experiences>
  <langues>
    <langue>Français</langue>
    <langue>Espagnol</langue>
  </langues>
</coach>
