<coach>
  <nom>Nicolas Leclerc</nom>
  <specialite>Biking</specialite>
  <email>nicolas.leclerc@omnes.com</email>
  <formations>
    <formation>BTS Diététique et entraînement sportif</formation>
    <formation>Formation Spinning - LesMills</formation>
  </formations>
  <experiences>
    <experience>Coach biking - L’Usine Paris (2020-2024)</experience>
    <experience>Encadrement de randonnées cyclistes - Décathlon Events</experience>
  </experiences>
  <langues>
    <langue>Français</langue>
    <langue>Italien</langue>
  </langues>
</coach>
