<?xml version="1.0" encoding="UTF-8"?>
<coach>
  <nom>Patrick Bernard</nom>
  <specialite>Football</specialite>
  <email>patrick.bernard@omnes.com</email>
  <formations>
    <formation>Licence Sciences du Sport - Université Lille 2</formation>
    <formation>Diplôme FFF - Entraîneur National niveau A</formation>
  </formations>
  <experiences>
    <experience>Coach principal U17 - Racing Club de Strasbourg</experience>
    <experience>Analyste vidéo - Ligue 2 BKT (2018-2020)</experience>
  </experiences>
  <langues>
    <langue>Français</langue>
    <langue>Espagnol (professionnel)</langue>
  </langues>
</coach>
