<coach>
  <nom>Sophie Garnier</nom>
  <specialite>Fitness</specialite>
  <email>sophie.garnier@omnes.com</email>
  <formations>
    <formation>Licence Professionnelle Métiers de la Forme - Paris Descartes</formation>
    <formation>Certification Pilates et Zumba</formation>
  </formations>
  <experiences>
    <experience>Coach fitness - Neoness (2018-2024)</experience>
    <experience>Animatrice d’ateliers bien-être - Forme & Zen</experience>
  </experiences>
  <langues>
    <langue>Français</langue>
    <langue>Anglais</langue>
  </langues>
</coach>
