<?xml version="1.0" encoding="UTF-8"?>
<coach>
  <nom>Titouan Lefèvre</nom>
  <specialite>Tennis</specialite>
  <email>titouan.lefevre@omnes.com</email>
  <formations>
    <formation>DEJEPS Tennis - CREPS Lyon</formation>
    <formation>Licence STAPS - Université de Rennes</formation>
  </formations>
  <experiences>
    <experience>Entraîneur junior - Tennis Club de Lyon (2020-2023)</experience>
    <experience>Coach individuel - Tournois nationaux</experience>
  </experiences>
  <langues>
    <langue>Français</langue>
    <langue>Anglais (B2)</langue>
  </langues>
</coach>
